{"Elbow Method": {"_type": "image-file", "sha256": "c490ef72e7ee43e00cd474fece0331604391928e2b74affc3121d4fa9b89356f", "size": 2306, "path": "media/images/Elbow Method_0_c490ef72e7ee43e00cd4.png", "format": "png", "width": 640, "height": 480}, "_timestamp": 1702141500.810535, "_runtime": 4.530992031097412, "_step": 4, "Inertia": 4173260.3451260407, "Combined Score": 0.18691530811416923, "Number of Clusters": 3, "Clustering Algorithm": "lloyd", "Silhouette Score": 0.8343360342554247, "_wandb": {"runtime": 3}}