{"Elbow Method": {"_type": "image-file", "sha256": "c490ef72e7ee43e00cd474fece0331604391928e2b74affc3121d4fa9b89356f", "size": 2306, "path": "media/images/Elbow Method_0_c490ef72e7ee43e00cd4.png", "format": "png", "width": 640, "height": 480}, "_timestamp": 1702139179.4914677, "_runtime": 9.449435710906982, "_step": 4, "Inertia": 3590704.318621521, "Combined Score": 0.19532529972113435, "Number of Clusters": 4, "Clustering Algorithm": "lloyd", "Silhouette Score": 0.5456174506409962, "_wandb": {"runtime": 7}}