{"Elbow Method": {"_type": "image-file", "sha256": "7ca9bf9b3e601c5e7e30a7e1820a9b88e9ea45eccc135b0651a1e4e9cec4cfea", "size": 30074, "path": "media/images/Elbow Method_0_7ca9bf9b3e601c5e7e30.png", "format": "png", "width": 1200, "height": 800}, "_timestamp": 1702283573.7871232, "_runtime": 11.402465105056763, "_step": 3, "Inertia": 182.57802673676818, "Combined Score": 0.15663340260495465, "Silhouette Score": 0.5, "_wandb": {"runtime": 10}}