{"Elbow Method": {"_type": "image-file", "sha256": "fb1f7f0315bdf7a38e9e23b05e12eeb6d484fbdca6fb53f347f221ac04697ca8", "size": 34702, "path": "media/images/Elbow Method_0_fb1f7f0315bdf7a38e9e.png", "format": "png", "width": 1200, "height": 800}, "_timestamp": 1702146454.9262316, "_runtime": 5.3000266551971436, "_step": 4, "Inertia": 5137253.5349282175, "Combined Score": 0.18813589665514402, "Number of Clusters": 3, "Clustering Algorithm": "lloyd", "Silhouette Score": 0.8328079142182342, "_wandb": {"runtime": 3}}