{"Elbow Method": {"_type": "image-file", "sha256": "735a333d464c844977ad6c530691c08e46e9ab08950b96a273e2c11ceb557d93", "size": 2396, "path": "media/images/Elbow Method_0_735a333d464c844977ad.png", "format": "png", "width": 640, "height": 480}, "_timestamp": 1702144048.348473, "_runtime": 4.828124046325684, "_step": 4, "Inertia": 3460545.7777013206, "Combined Score": 0.19584761525220706, "Number of Clusters": 4, "Clustering Algorithm": "lloyd", "Silhouette Score": 0.5669139992326315, "_wandb": {"runtime": 3}}