{"WCSS": [77323390.76714605, 28763553.182801623, 16967631.24507252, 10560652.331745245, 7676071.377771535, 5852078.02443347, 4789006.586560978, 3929458.4543994386, 3412458.566485347, 2903297.20195335], "_timestamp": 1702042701.9316344, "_runtime": 3139.487498521805, "_step": 5, "Silhouette Score": 0.6574819341289907}