{"Elbow Method": {"_type": "image-file", "sha256": "60029d4345f0a454e422bad1750077d25ec01ebe9a96a5702bd5c8312a1888f0", "size": 32907, "path": "media/images/Elbow Method_0_60029d4345f0a454e422.png", "format": "png", "width": 1200, "height": 800}, "_timestamp": 1702210516.2357228, "_runtime": 8.012454748153687, "_step": 2, "Inertia": 3543445.4926240793, "Combined Score": 0.19416025251593239, "_wandb": {"runtime": 5}}