{"Elbow Method": {"_type": "image-file", "sha256": "735a333d464c844977ad6c530691c08e46e9ab08950b96a273e2c11ceb557d93", "size": 2396, "path": "media/images/Elbow Method_0_735a333d464c844977ad.png", "format": "png", "width": 640, "height": 480}, "_timestamp": 1702143220.2099297, "_runtime": 4.9034576416015625, "_step": 4, "Inertia": 4497721.118838444, "Combined Score": 0.19876937707476772, "Number of Clusters": 3, "Clustering Algorithm": "lloyd", "Silhouette Score": 0.8000728599924889, "_wandb": {"runtime": 3}}