{"Elbow Method": {"_type": "image-file", "sha256": "ddeac05d58ad4c490f057ce4c7e9b48e5811b2e3c179e38d883d138a40625200", "size": 30133, "path": "media/images/Elbow Method_0_ddeac05d58ad4c490f05.png", "format": "png", "width": 1200, "height": 800}, "_timestamp": 1702145835.1842964, "_runtime": 5.008053302764893, "_step": 4, "Inertia": 3342412.071054478, "Combined Score": 0.19454624443301036, "Number of Clusters": 4, "Clustering Algorithm": "lloyd", "Silhouette Score": 0.571201719088457, "_wandb": {"runtime": 3}}