{"Elbow Method": {"_type": "image-file", "sha256": "cde2400018631bf985b983602ba5f7f422a9138e1726a0df92cd205b256ad5eb", "size": 31799, "path": "media/images/Elbow Method_0_cde2400018631bf985b9.png", "format": "png", "width": 1200, "height": 800}, "_timestamp": 1702145878.412214, "_runtime": 5.128684043884277, "_step": 4, "Inertia": 3959834.6509905504, "Combined Score": 0.2033627137749842, "Number of Clusters": 5, "Clustering Algorithm": "lloyd", "Silhouette Score": 0.46632189225629644, "_wandb": {"runtime": 3}}