{"Elbow Method": {"_type": "image-file", "sha256": "380d4e604defee1451959401f1682f5eb5392ea2ac20c9ac1f4be65524941558", "size": 32605, "path": "media/images/Elbow Method_0_380d4e604defee145195.png", "format": "png", "width": 1200, "height": 800}, "_timestamp": 1702148005.3562224, "_runtime": 5.171831369400024, "_step": 4, "Inertia": 3686409.876229863, "Combined Score": 0.19239470746278522, "Number of Clusters": 5, "Clustering Algorithm": "lloyd", "Silhouette Score": 0.5962902621962605, "_wandb": {"runtime": 3}}