{"Elbow Method": {"_type": "image-file", "sha256": "735a333d464c844977ad6c530691c08e46e9ab08950b96a273e2c11ceb557d93", "size": 2396, "path": "media/images/Elbow Method_0_735a333d464c844977ad.png", "format": "png", "width": 640, "height": 480}, "_timestamp": 1702142717.1929522, "_runtime": 5.752971172332764, "_step": 4, "Inertia": 3914049.955408889, "Combined Score": 0.1943522237868033, "Number of Clusters": 3, "Clustering Algorithm": "lloyd", "Silhouette Score": 0.8490244717836734, "_wandb": {"runtime": 4}}