{"Elbow Method": {"_type": "image-file", "sha256": "84fd46fa735f51c5e751223860ec083d35b71e9bcd7fc28816feb779167360b6", "size": 31571, "path": "media/images/Elbow Method_0_84fd46fa735f51c5e751.png", "format": "png", "width": 1200, "height": 800}, "_timestamp": 1702210196.0705218, "_runtime": 10.139963865280151, "_step": 2, "Inertia": 3164534.3059788626, "Combined Score": 0.18933304106218635, "_wandb": {"runtime": 7}}