{"Elbow Method": {"_type": "image-file", "sha256": "ac2bac6228f3d10ee3fc289a98e9e2b2e53519c31b53d51f3efc57954e63c7c4", "size": 33139, "path": "media/images/Elbow Method_0_ac2bac6228f3d10ee3fc.png", "format": "png", "width": 1200, "height": 800}, "_timestamp": 1702149306.883951, "_runtime": 8.494497060775757, "_step": 4, "Inertia": 5066491.123997502, "Combined Score": 0.1993729893915354, "Number of Clusters": 4, "Clustering Algorithm": "lloyd", "Silhouette Score": 0.6374835746283457, "_wandb": {"runtime": 3}}