{"Elbow Method": {"_type": "image-file", "sha256": "d4dafe95f3e34d3c5f201c321ab818154b8c09e67e072aae05203952df3be40e", "size": 33606, "path": "media/images/Elbow Method_0_d4dafe95f3e34d3c5f20.png", "format": "png", "width": 1200, "height": 800}, "_timestamp": 1702148331.03393, "_runtime": 5.011897087097168, "_step": 4, "Inertia": 4612920.447755532, "Combined Score": 0.19315463066599398, "Number of Clusters": 5, "Clustering Algorithm": "lloyd", "Silhouette Score": 0.585362849697063, "_wandb": {"runtime": 3}}