{"Elbow Method": {"_type": "image-file", "sha256": "43dc87edb4c2149338fc148f383de806617f8481d151075bf52d31a1592ad543", "size": 29400, "path": "media/images/Elbow Method_0_43dc87edb4c2149338fc.png", "format": "png", "width": 1200, "height": 800}, "_timestamp": 1702146538.4168034, "_runtime": 5.0616302490234375, "_step": 4, "Inertia": 3508139.3763804855, "Combined Score": 0.19273154347090396, "Number of Clusters": 4, "Clustering Algorithm": "lloyd", "Silhouette Score": 0.63269937497087, "_wandb": {"runtime": 3}}