{"Elbow Method": {"_type": "image-file", "sha256": "0e0d218f2a28bd26163da0821f54923e1f04db0df87d3f5477539b7f52750004", "size": 30442, "path": "media/images/Elbow Method_0_0e0d218f2a28bd26163d.png", "format": "png", "width": 1200, "height": 800}, "_timestamp": 1702149359.265798, "_runtime": 6.261576175689697, "_step": 4, "Inertia": 3024161.395487801, "Combined Score": 0.1890419217896078, "Number of Clusters": 5, "Clustering Algorithm": "lloyd", "Silhouette Score": 0.45568584897597386, "_wandb": {"runtime": 4}}