{"Elbow Method": {"_type": "image-file", "sha256": "a7aeb628d7ca7fb53ed14e772c9b40b32599688916654e6c3b76f1aac86cc416", "size": 31535, "path": "media/images/Elbow Method_0_a7aeb628d7ca7fb53ed1.png", "format": "png", "width": 1200, "height": 800}, "_timestamp": 1702148392.575271, "_runtime": 5.427532911300659, "_step": 4, "Inertia": 4135538.1015753224, "Combined Score": 0.19796205932489144, "Number of Clusters": 6, "Clustering Algorithm": "lloyd", "Silhouette Score": 0.46565845606740336, "_wandb": {"runtime": 3}}