{"Elbow Method": {"_type": "image-file", "sha256": "c490ef72e7ee43e00cd474fece0331604391928e2b74affc3121d4fa9b89356f", "size": 2306, "path": "media/images/Elbow Method_0_c490ef72e7ee43e00cd4.png", "format": "png", "width": 640, "height": 480}, "_timestamp": 1702142518.5328233, "_runtime": 4.973490238189697, "_step": 4, "Inertia": 3854405.211870572, "Combined Score": 0.19850516831053386, "Number of Clusters": 3, "Clustering Algorithm": "lloyd", "Silhouette Score": 0.7699705002149386, "_wandb": {"runtime": 3}}