{"Elbow Method": {"_type": "image-file", "sha256": "c490ef72e7ee43e00cd474fece0331604391928e2b74affc3121d4fa9b89356f", "size": 2306, "path": "media/images/Elbow Method_0_c490ef72e7ee43e00cd4.png", "format": "png", "width": 640, "height": 480}, "_timestamp": 1702142476.542062, "_runtime": 5.247596979141235, "_step": 4, "Inertia": 3707312.4653021833, "Combined Score": 0.18890594671785868, "Number of Clusters": 3, "Clustering Algorithm": "lloyd", "Silhouette Score": 0.7590281466910439, "_wandb": {"runtime": 3}}