{"Elbow Method": {"_type": "image-file", "sha256": "c490ef72e7ee43e00cd474fece0331604391928e2b74affc3121d4fa9b89356f", "size": 2306, "path": "media/images/Elbow Method_0_c490ef72e7ee43e00cd4.png", "format": "png", "width": 640, "height": 480}, "_timestamp": 1702141581.945089, "_runtime": 4.55693507194519, "_step": 4, "Inertia": 4281176.666295844, "Combined Score": 0.1889684788862826, "Number of Clusters": 4, "Clustering Algorithm": "lloyd", "Silhouette Score": 0.7649924695718301, "_wandb": {"runtime": 3}}