{"Elbow Method": {"_type": "image-file", "sha256": "b263416ba44f911c6169427d12bb67acae324ea5cfb6e13cf19e38c81c67810d", "size": 34282, "path": "media/images/Elbow Method_0_b263416ba44f911c6169.png", "format": "png", "width": 1200, "height": 800}, "_timestamp": 1702210293.532293, "_runtime": 9.081118106842041, "_step": 2, "Inertia": 4090183.5561166303, "Combined Score": 0.19767660554787903, "_wandb": {"runtime": 6}}