{"Elbow Method": {"_type": "image-file", "sha256": "a499ae3502ccf7322a464af5f4472154da235f1228472d6af4415e68853620f4", "size": 29423, "path": "media/images/Elbow Method_0_a499ae3502ccf7322a46.png", "format": "png", "width": 1200, "height": 800}, "_timestamp": 1702148246.5157757, "_runtime": 5.647097587585449, "_step": 4, "Inertia": 3174400.788301735, "Combined Score": 0.20055401364388098, "Number of Clusters": 4, "Clustering Algorithm": "lloyd", "Silhouette Score": 0.5480779381521858, "_wandb": {"runtime": 4}}