{"Elbow Method": {"_type": "image-file", "sha256": "2c4cb50f946c1bb509f82f94148f7dc28078ae974c1aa1e9bff86134062422e0", "size": 29247, "path": "media/images/Elbow Method_0_2c4cb50f946c1bb509f8.png", "format": "png", "width": 1200, "height": 800}, "_timestamp": 1702147340.136689, "_runtime": 5.102380037307739, "_step": 4, "Inertia": 3047148.479460113, "Combined Score": 0.20201911547360596, "Number of Clusters": 4, "Clustering Algorithm": "lloyd", "Silhouette Score": 0.5285166578983543, "_wandb": {"runtime": 3}}