{"Elbow Method": {"_type": "image-file", "sha256": "d5c1b78505fe3f9f879dfea7c9f7a131a121a08c6d2dbd722601310326846ab7", "size": 31480, "path": "media/images/Elbow Method_0_d5c1b78505fe3f9f879d.png", "format": "png", "width": 1200, "height": 800}, "_timestamp": 1702148306.491373, "_runtime": 12.405611038208008, "_step": 4, "Inertia": 3318296.226417548, "Combined Score": 0.19067142101987195, "Number of Clusters": 4, "Clustering Algorithm": "lloyd", "Silhouette Score": 0.6293710848328702, "_wandb": {"runtime": 11}}