{"Elbow Method": {"_type": "image-file", "sha256": "66baa583c957fbd33c1cb53ad9d3de08f05c245c2666d457736caffdaefef2cd", "size": 32666, "path": "media/images/Elbow Method_0_66baa583c957fbd33c1c.png", "format": "png", "width": 1200, "height": 800}, "_timestamp": 1702145814.5985656, "_runtime": 9.760757684707642, "_step": 4, "Inertia": 3948155.6304634153, "Combined Score": 0.1967373512220255, "Number of Clusters": 4, "Clustering Algorithm": "lloyd", "Silhouette Score": 0.7078127233590039, "_wandb": {"runtime": 8}}