{"Elbow Method": {"_type": "image-file", "sha256": "5b69da3c06e5d72d1c9631404769e3a36e705ce3cb26896387105147b3c7c46f", "size": 34552, "path": "media/images/Elbow Method_0_5b69da3c06e5d72d1c96.png", "format": "png", "width": 1200, "height": 800}, "_timestamp": 1702210429.4924536, "_runtime": 5.753537654876709, "_step": 2, "Inertia": 4023613.7806776906, "Combined Score": 0.19984397607640533, "_wandb": {"runtime": 3}}