{"Elbow Method": {"_type": "image-file", "sha256": "87b7af16395b448d370191447061b997443a431f2daa38b679d033bef7bae4cd", "size": 31287, "path": "media/images/Elbow Method_0_87b7af16395b448d3701.png", "format": "png", "width": 1200, "height": 800}, "_timestamp": 1702149224.697286, "_runtime": 5.323596954345703, "_step": 4, "Inertia": 3259159.29620853, "Combined Score": 0.18761081915505495, "Number of Clusters": 3, "Clustering Algorithm": "lloyd", "Silhouette Score": 0.8204429991439763, "_wandb": {"runtime": 3}}