{"Elbow Method": {"_type": "image-file", "sha256": "c490ef72e7ee43e00cd474fece0331604391928e2b74affc3121d4fa9b89356f", "size": 2306, "path": "media/images/Elbow Method_0_c490ef72e7ee43e00cd4.png", "format": "png", "width": 640, "height": 480}, "_timestamp": 1702141864.724426, "_runtime": 4.573468923568726, "_step": 4, "Inertia": 4086637.332411482, "Combined Score": 0.1938480486930635, "Number of Clusters": 3, "Clustering Algorithm": "lloyd", "Silhouette Score": 0.8441997554834052, "_wandb": {"runtime": 3}}