{"Elbow Method": {"_type": "image-file", "sha256": "c490ef72e7ee43e00cd474fece0331604391928e2b74affc3121d4fa9b89356f", "size": 2306, "path": "media/images/Elbow Method_0_c490ef72e7ee43e00cd4.png", "format": "png", "width": 640, "height": 480}, "_timestamp": 1702142498.0087218, "_runtime": 5.149297714233398, "_step": 4, "Inertia": 3949910.9101440567, "Combined Score": 0.19282008638330417, "Number of Clusters": 3, "Clustering Algorithm": "lloyd", "Silhouette Score": 0.827201595239437, "_wandb": {"runtime": 3}}