{"Elbow Method": {"_type": "image-file", "sha256": "c490ef72e7ee43e00cd474fece0331604391928e2b74affc3121d4fa9b89356f", "size": 2306, "path": "media/images/Elbow Method_0_c490ef72e7ee43e00cd4.png", "format": "png", "width": 640, "height": 480}, "_timestamp": 1702139100.7057338, "_runtime": 5.066327810287476, "_step": 4, "Inertia": 3631075.489812323, "Combined Score": 0.18679433870736417, "Number of Clusters": 3, "Clustering Algorithm": "lloyd", "Silhouette Score": 0.7042366820026021, "_wandb": {"runtime": 3}}