{"Elbow Method": {"_type": "image-file", "sha256": "735a333d464c844977ad6c530691c08e46e9ab08950b96a273e2c11ceb557d93", "size": 2396, "path": "media/images/Elbow Method_0_735a333d464c844977ad.png", "format": "png", "width": 640, "height": 480}, "_timestamp": 1702144110.8286664, "_runtime": 4.734428405761719, "_step": 4, "Inertia": 3216104.7632203787, "Combined Score": 0.20053688208167955, "Number of Clusters": 5, "Clustering Algorithm": "lloyd", "Silhouette Score": 0.44340441939345654, "_wandb": {"runtime": 3}}