Clustersize,Total spending by cluster,Average spending by cluster,Average frequency by cluster,Frequency std,Spending sd
1251,91481,73.12629896083133,1.0103916866506795,0.101449132371021,43.17704987387799
60,4494,74.9,1.15,0.4044246802977018,38.44595590466868
6,612,102.0,1.3333333333333333,0.5163977794943223,18.099723754798028
