Clustersize,Total spending by cluster,Average spending by cluster,Average frequency by cluster,Frequency std,Spending sd
1251,1264,1.0103916866506795,1.0103916866506795,0.101449132371021,0.101449132371021
60,69,1.15,1.15,0.4044246802977018,0.4044246802977018
6,8,1.3333333333333333,1.3333333333333333,0.5163977794943223,0.5163977794943223
