Clustersize,Total spending by cluster,Average spending by cluster,Average frequency by cluster,Frequency std,Spending sd
1193,1199,1.0050293378038557,1.0050293378038557,0.07076893095303637,0.07076893095303637
114,130,1.1403508771929824,1.1403508771929824,0.37338899933210745,0.37338899933210745
10,12,1.2,1.2,0.4216370213557839,0.4216370213557839
