Clustersize,Total spending by cluster,Average spending by cluster,Average frequency by cluster,Frequency std,Spending sd
1193,87488,73.33445096395641,1.0050293378038557,0.07076893095303637,43.164403543618256
114,8319,72.97368421052632,1.1403508771929824,0.37338899933210745,41.17208877712031
10,780,78.0,1.2,0.4216370213557839,35.93512673323044
