Clustersize,Total spending by cluster,Average spending by cluster,Average frequency by cluster,Frequency std,Spending sd
704,705,1.0014204545454546,1.0014204545454546,0.03768891807222048,0.03768891807222048
540,550,1.0185185185185186,1.0185185185185186,0.13494185386154153,0.13494185386154153
73,86,1.178082191780822,1.178082191780822,0.41973754211625636,0.41973754211625636
