Clustersize,Total spending by cluster,Average spending by cluster,Average frequency by cluster,Frequency std,Spending sd
704,53363,75.7997159090909,1.0014204545454546,0.03768891807222048,43.87037611356801
540,37351,69.16851851851852,1.0185185185185186,0.13494185386154153,42.02088147785468
73,5873,80.45205479452055,1.178082191780822,0.41973754211625636,37.67700488504982
