{"Elbow Method": {"_type": "image-file", "sha256": "51d48bb7ca3d2b0c0d2e74aeb1421e6a571aeabbf5d63112fc3f1efad85cbe34", "size": 30669, "path": "media/images/Elbow Method_0_51d48bb7ca3d2b0c0d2e.png", "format": "png", "width": 1200, "height": 800}, "_timestamp": 1702145856.9048243, "_runtime": 5.495136260986328, "_step": 4, "Inertia": 5201071.818075368, "Combined Score": 0.19420948447870334, "Number of Clusters": 4, "Clustering Algorithm": "lloyd", "Silhouette Score": 0.7488644208825417, "_wandb": {"runtime": 3}}