{"Elbow Method": {"_type": "image-file", "sha256": "c490ef72e7ee43e00cd474fece0331604391928e2b74affc3121d4fa9b89356f", "size": 2306, "path": "media/images/Elbow Method_0_c490ef72e7ee43e00cd4.png", "format": "png", "width": 640, "height": 480}, "_timestamp": 1702141843.5354795, "_runtime": 4.892765522003174, "_step": 4, "Inertia": 3326595.0650049415, "Combined Score": 0.19702198053226216, "Number of Clusters": 3, "Clustering Algorithm": "lloyd", "Silhouette Score": 0.7316847405791373, "_wandb": {"runtime": 2}}