{"Elbow Method": {"_type": "image-file", "sha256": "36f1ab604fb556a20b4a6f29e506bed672ed5ad8a52769c9dc32747256740661", "size": 33042, "path": "media/images/Elbow Method_0_36f1ab604fb556a20b4a.png", "format": "png", "width": 1200, "height": 800}, "_timestamp": 1702145919.7220495, "_runtime": 5.34416651725769, "_step": 4, "Inertia": 4158963.49326254, "Combined Score": 0.19382378778386292, "Number of Clusters": 5, "Clustering Algorithm": "lloyd", "Silhouette Score": 0.5895859085048997, "_wandb": {"runtime": 3}}