{"Elbow Method": {"_type": "image-file", "sha256": "3691cc9bf935235e935085d93313a77c96dea71b4c6a1a6427182780468c1c73", "size": 31884, "path": "media/images/Elbow Method_0_3691cc9bf935235e9350.png", "format": "png", "width": 1200, "height": 800}, "_timestamp": 1702210100.4794204, "_runtime": 6.726579427719116, "_step": 2, "Inertia": 3313765.556340239, "Combined Score": 0.19301197256022123, "_wandb": {"runtime": 4}}