{"Elbow Method": {"_type": "image-file", "sha256": "12b661353c79f89b99e9499f2f9b75196138882ef8eb0f434aa0f0ef235349e0", "size": 29174, "path": "media/images/Elbow Method_0_12b661353c79f89b99e9.png", "format": "png", "width": 1200, "height": 800}, "_timestamp": 1702145941.314145, "_runtime": 5.536988973617554, "_step": 4, "Inertia": 3716447.866106273, "Combined Score": 0.19390373152793208, "Number of Clusters": 6, "Clustering Algorithm": "lloyd", "Silhouette Score": 0.43393349629263156, "_wandb": {"runtime": 3}}