{"Elbow Method": {"_type": "image-file", "sha256": "735a333d464c844977ad6c530691c08e46e9ab08950b96a273e2c11ceb557d93", "size": 2396, "path": "media/images/Elbow Method_0_735a333d464c844977ad.png", "format": "png", "width": 640, "height": 480}, "_timestamp": 1702143987.7746854, "_runtime": 5.873109340667725, "_step": 4, "Inertia": 5289429.421598203, "Combined Score": 0.2036743821092107, "Number of Clusters": 3, "Clustering Algorithm": "lloyd", "Silhouette Score": 0.766222167860368, "_wandb": {"runtime": 4}}