{"Elbow Method": {"_type": "image-file", "sha256": "d2c219e1e9f90dd79e130abbaa4c34cce993d9e309bb5a30c2b1b77704c06fbd", "size": 30692, "path": "media/images/Elbow Method_0_d2c219e1e9f90dd79e13.png", "format": "png", "width": 1200, "height": 800}, "_timestamp": 1702147939.9270387, "_runtime": 11.975671768188477, "_step": 4, "Inertia": 3437460.1244487534, "Combined Score": 0.20800434997087283, "Number of Clusters": 4, "Clustering Algorithm": "lloyd", "Silhouette Score": 0.5951435817027501, "_wandb": {"runtime": 10}}