{"Elbow Method": {"_type": "image-file", "sha256": "735a333d464c844977ad6c530691c08e46e9ab08950b96a273e2c11ceb557d93", "size": 2396, "path": "media/images/Elbow Method_0_735a333d464c844977ad.png", "format": "png", "width": 640, "height": 480}, "_timestamp": 1702144090.6477618, "_runtime": 4.740859746932983, "_step": 4, "Inertia": 4186531.2933593853, "Combined Score": 0.1978905382033171, "Number of Clusters": 4, "Clustering Algorithm": "lloyd", "Silhouette Score": 0.6235060936499341, "_wandb": {"runtime": 3}}