{"Elbow Method": {"_type": "image-file", "sha256": "735a333d464c844977ad6c530691c08e46e9ab08950b96a273e2c11ceb557d93", "size": 2396, "path": "media/images/Elbow Method_0_735a333d464c844977ad.png", "format": "png", "width": 640, "height": 480}, "_timestamp": 1702144153.195112, "_runtime": 4.904674053192139, "_step": 4, "Inertia": 5124828.459595617, "Combined Score": 0.1940102757250538, "Number of Clusters": 5, "Clustering Algorithm": "lloyd", "Silhouette Score": 0.6860008288401922, "_wandb": {"runtime": 3}}