{"Elbow Method": {"_type": "image-file", "sha256": "6300155e8fd7ede674df4efba2a3fd5a9807325c9fa598befaa340e90a23c69e", "size": 34564, "path": "media/images/Elbow Method_0_6300155e8fd7ede674df.png", "format": "png", "width": 1200, "height": 800}, "_timestamp": 1702149204.1543803, "_runtime": 10.203270435333252, "_step": 4, "Inertia": 4985891.881500158, "Combined Score": 0.20111243355823147, "Number of Clusters": 3, "Clustering Algorithm": "lloyd", "Silhouette Score": 0.8238703837364328, "_wandb": {"runtime": 3}}