{"Elbow Method": {"_type": "image-file", "sha256": "c490ef72e7ee43e00cd474fece0331604391928e2b74affc3121d4fa9b89356f", "size": 2306, "path": "media/images/Elbow Method_0_c490ef72e7ee43e00cd4.png", "format": "png", "width": 640, "height": 480}, "_timestamp": 1702141481.6018999, "_runtime": 4.378488779067993, "_step": 4, "Inertia": 3254585.1376701985, "Combined Score": 0.20507820223745166, "Number of Clusters": 3, "Clustering Algorithm": "lloyd", "Silhouette Score": 0.7159054343592681, "_wandb": {"runtime": 2}}