{"Elbow Method": {"_type": "image-file", "sha256": "c490ef72e7ee43e00cd474fece0331604391928e2b74affc3121d4fa9b89356f", "size": 2306, "path": "media/images/Elbow Method_0_c490ef72e7ee43e00cd4.png", "format": "png", "width": 640, "height": 480}, "_timestamp": 1702141824.115289, "_runtime": 4.524060010910034, "_step": 4, "Inertia": 3227424.8359237327, "Combined Score": 0.19450941843113717, "Number of Clusters": 3, "Clustering Algorithm": "lloyd", "Silhouette Score": 0.7726190029465447, "_wandb": {"runtime": 3}}