{"Elbow Method": {"_type": "image-file", "sha256": "91c36264bd3601bfdbed69c1f6ea746036a858b0674cf13312b418d072d2bf94", "size": 31072, "path": "media/images/Elbow Method_0_91c36264bd3601bfdbed.png", "format": "png", "width": 1200, "height": 800}, "_timestamp": 1702147233.4268923, "_runtime": 6.112857341766357, "_step": 4, "Inertia": 3785872.220219242, "Combined Score": 0.19042678032751886, "Number of Clusters": 3, "Clustering Algorithm": "lloyd", "Silhouette Score": 0.7700926931978778, "_wandb": {"runtime": 4}}