{"Elbow Method": {"_type": "image-file", "sha256": "735a333d464c844977ad6c530691c08e46e9ab08950b96a273e2c11ceb557d93", "size": 2396, "path": "media/images/Elbow Method_0_735a333d464c844977ad.png", "format": "png", "width": 640, "height": 480}, "_timestamp": 1702143240.5094018, "_runtime": 4.924793720245361, "_step": 4, "Inertia": 4614456.460246362, "Combined Score": 0.18902951687970931, "Number of Clusters": 3, "Clustering Algorithm": "lloyd", "Silhouette Score": 0.8566499368908197, "_wandb": {"runtime": 3}}