{"Elbow Method": {"_type": "image-file", "sha256": "735a333d464c844977ad6c530691c08e46e9ab08950b96a273e2c11ceb557d93", "size": 2396, "path": "media/images/Elbow Method_0_735a333d464c844977ad.png", "format": "png", "width": 640, "height": 480}, "_timestamp": 1702143201.0427933, "_runtime": 5.031872272491455, "_step": 4, "Inertia": 4078040.624273812, "Combined Score": 0.19495339287572314, "Number of Clusters": 3, "Clustering Algorithm": "lloyd", "Silhouette Score": 0.8493038580531822, "_wandb": {"runtime": 3}}