{"Elbow Method": {"_type": "image-file", "sha256": "c490ef72e7ee43e00cd474fece0331604391928e2b74affc3121d4fa9b89356f", "size": 2306, "path": "media/images/Elbow Method_0_c490ef72e7ee43e00cd4.png", "format": "png", "width": 640, "height": 480}, "_timestamp": 1702141884.7420616, "_runtime": 4.442646503448486, "_step": 4, "Inertia": 2655236.612903356, "Combined Score": 0.20281674497254507, "Number of Clusters": 4, "Clustering Algorithm": "lloyd", "Silhouette Score": 0.5191027457452315, "_wandb": {"runtime": 2}}