{"Elbow Method": {"_type": "image-file", "sha256": "bc06543718711559f1020c95c75cbe81ef6f400f9ce366bcaffcbc0edd7b9510", "size": 32217, "path": "media/images/Elbow Method_0_bc06543718711559f102.png", "format": "png", "width": 1200, "height": 800}, "_timestamp": 1702147964.605205, "_runtime": 5.490241050720215, "_step": 4, "Inertia": 4303713.046039009, "Combined Score": 0.19935968971070994, "Number of Clusters": 4, "Clustering Algorithm": "lloyd", "Silhouette Score": 0.7139924679507855, "_wandb": {"runtime": 4}}