{"Elbow Method": {"_type": "image-file", "sha256": "73a407a6cc4d125131501d279a6069a3c0ba75eee75850898c5ed0dd2bf8d363", "size": 30112, "path": "media/images/Elbow Method_0_73a407a6cc4d12513150.png", "format": "png", "width": 1200, "height": 800}, "_timestamp": 1702147984.8380861, "_runtime": 5.229733228683472, "_step": 4, "Inertia": 2718838.640561254, "Combined Score": 0.1981655146056293, "Number of Clusters": 5, "Clustering Algorithm": "lloyd", "Silhouette Score": 0.4805013985654733, "_wandb": {"runtime": 3}}