{"Elbow Method": {"_type": "image-file", "sha256": "7485b09f79cbf6552e9114f8d78cf16ab872f332159534fc391199103e700c74", "size": 29679, "path": "media/images/Elbow Method_0_7485b09f79cbf6552e91.png", "format": "png", "width": 1200, "height": 800}, "_timestamp": 1702145754.1423368, "_runtime": 6.961153745651245, "_step": 4, "Inertia": 3327273.6610904885, "Combined Score": 0.19358726765751658, "Number of Clusters": 3, "Clustering Algorithm": "lloyd", "Silhouette Score": 0.6980820072971708, "_wandb": {"runtime": 5}}