{"Elbow Method": {"_type": "image-file", "sha256": "735a333d464c844977ad6c530691c08e46e9ab08950b96a273e2c11ceb557d93", "size": 2396, "path": "media/images/Elbow Method_0_735a333d464c844977ad.png", "format": "png", "width": 640, "height": 480}, "_timestamp": 1702142735.8936024, "_runtime": 5.0961573123931885, "_step": 4, "Inertia": 3439043.639553534, "Combined Score": 0.2081971427569696, "Number of Clusters": 3, "Clustering Algorithm": "lloyd", "Silhouette Score": 0.8480787413918995, "_wandb": {"runtime": 3}}