{"Elbow Method": {"_type": "image-file", "sha256": "a0143d4887b5e2217acb4568d37a67869415b6cccfcdfccbe2b2b7f72e4d52cb", "size": 31602, "path": "media/images/Elbow Method_0_a0143d4887b5e2217acb.png", "format": "png", "width": 1200, "height": 800}, "_timestamp": 1702146475.2243235, "_runtime": 5.210436582565308, "_step": 4, "Inertia": 3943895.4807851, "Combined Score": 0.1974751865838303, "Number of Clusters": 3, "Clustering Algorithm": "lloyd", "Silhouette Score": 0.7672258215110016, "_wandb": {"runtime": 3}}