{"Elbow Method": {"_type": "image-file", "sha256": "5cfd416f2c3c78f7e479120da6f0b40473a68389ba21227f0e62d3e735759f0f", "size": 34816, "path": "media/images/Elbow Method_0_5cfd416f2c3c78f7e479.png", "format": "png", "width": 1200, "height": 800}, "_timestamp": 1702210245.1595383, "_runtime": 8.797970294952393, "_step": 2, "Inertia": 3980640.150617657, "Combined Score": 0.19869221601034667, "_wandb": {"runtime": 6}}