{"Elbow Method": {"_type": "image-file", "sha256": "735a333d464c844977ad6c530691c08e46e9ab08950b96a273e2c11ceb557d93", "size": 2396, "path": "media/images/Elbow Method_0_735a333d464c844977ad.png", "format": "png", "width": 640, "height": 480}, "_timestamp": 1702142818.9211955, "_runtime": 4.768225431442261, "_step": 4, "Inertia": 3780796.985680504, "Combined Score": 0.18883552676236826, "Number of Clusters": 4, "Clustering Algorithm": "lloyd", "Silhouette Score": 0.647289704684914, "_wandb": {"runtime": 2}}