{"Elbow Method": {"_type": "image-file", "sha256": "33aa71f11db2d1386a30ed42f80aa634dcfdcfc40443078f8addd92a235f386a", "size": 31464, "path": "media/images/Elbow Method_0_33aa71f11db2d1386a30.png", "format": "png", "width": 1200, "height": 800}, "_timestamp": 1702210147.1863325, "_runtime": 7.680251359939575, "_step": 2, "Inertia": 4406842.873468788, "Combined Score": 0.19760032545882372, "_wandb": {"runtime": 5}}