{"Elbow Method": {"_type": "image-file", "sha256": "92ddb34baf68471c2b294ebaf0475ead1d5d9dfba15f4942ccc7d703af128819", "size": 33865, "path": "media/images/Elbow Method_0_92ddb34baf68471c2b29.png", "format": "png", "width": 1200, "height": 800}, "_timestamp": 1702148176.635142, "_runtime": 6.828656196594238, "_step": 4, "Inertia": 4505739.064553859, "Combined Score": 0.19755604626255255, "Number of Clusters": 3, "Clustering Algorithm": "lloyd", "Silhouette Score": 0.8490911337356368, "_wandb": {"runtime": 5}}