{"Elbow Method": {"_type": "image-file", "sha256": "fbf99426c8b99af8721744dd3e0e072e3e4d2bc18940a18ef62962455ac3e264", "size": 30629, "path": "media/images/Elbow Method_0_fbf99426c8b99af87217.png", "format": "png", "width": 1200, "height": 800}, "_timestamp": 1702146432.3334494, "_runtime": 5.983322381973267, "_step": 4, "Inertia": 4675963.273905435, "Combined Score": 0.18030732100051824, "Number of Clusters": 3, "Clustering Algorithm": "lloyd", "Silhouette Score": 0.8369265108156155, "_wandb": {"runtime": 4}}