{"Elbow Method": {"_type": "image-file", "sha256": "735a333d464c844977ad6c530691c08e46e9ab08950b96a273e2c11ceb557d93", "size": 2396, "path": "media/images/Elbow Method_0_735a333d464c844977ad.png", "format": "png", "width": 640, "height": 480}, "_timestamp": 1702144027.0754962, "_runtime": 4.624131202697754, "_step": 4, "Inertia": 4956651.8095213715, "Combined Score": 0.19762830354455638, "Number of Clusters": 3, "Clustering Algorithm": "lloyd", "Silhouette Score": 0.8538760369207722, "_wandb": {"runtime": 3}}