{"Elbow Method": {"_type": "image-file", "sha256": "02f7971cb1281b368b95a1f8522de31639bf82098d21f8d4cb690d2baa30682d", "size": 30879, "path": "media/images/Elbow Method_0_02f7971cb1281b368b95.png", "format": "png", "width": 1200, "height": 800}, "_timestamp": 1702148370.7271202, "_runtime": 5.072606086730957, "_step": 4, "Inertia": 3109911.366283428, "Combined Score": 0.20112268860994384, "Number of Clusters": 5, "Clustering Algorithm": "lloyd", "Silhouette Score": 0.483712157643991, "_wandb": {"runtime": 3}}