{"Elbow Method": {"_type": "image-file", "sha256": "a9535db4f7012b7eaee2122f4645831e59ea939a4dbf93aafc2c8f06c580522d", "size": 30604, "path": "media/images/Elbow Method_0_a9535db4f7012b7eaee2.png", "format": "png", "width": 1200, "height": 800}, "_timestamp": 1702146516.970253, "_runtime": 4.983815908432007, "_step": 4, "Inertia": 3518225.1887410833, "Combined Score": 0.18788293287615032, "Number of Clusters": 4, "Clustering Algorithm": "lloyd", "Silhouette Score": 0.6097850105569863, "_wandb": {"runtime": 3}}