{"Elbow Method": {"_type": "image-file", "sha256": "735a333d464c844977ad6c530691c08e46e9ab08950b96a273e2c11ceb557d93", "size": 2396, "path": "media/images/Elbow Method_0_735a333d464c844977ad.png", "format": "png", "width": 640, "height": 480}, "_timestamp": 1702143302.9671724, "_runtime": 5.0057384967803955, "_step": 4, "Inertia": 3646577.7974890736, "Combined Score": 0.19840169478365544, "Number of Clusters": 4, "Clustering Algorithm": "lloyd", "Silhouette Score": 0.6049484353897824, "_wandb": {"runtime": 3}}