{"Elbow Method": {"_type": "image-file", "sha256": "735a333d464c844977ad6c530691c08e46e9ab08950b96a273e2c11ceb557d93", "size": 2396, "path": "media/images/Elbow Method_0_735a333d464c844977ad.png", "format": "png", "width": 640, "height": 480}, "_timestamp": 1702142777.7799122, "_runtime": 4.9107513427734375, "_step": 4, "Inertia": 4279698.9039072115, "Combined Score": 0.19006144954824708, "Number of Clusters": 4, "Clustering Algorithm": "lloyd", "Silhouette Score": 0.7470152457193803, "_wandb": {"runtime": 3}}