{"Elbow Method": {"_type": "image-file", "sha256": "735a333d464c844977ad6c530691c08e46e9ab08950b96a273e2c11ceb557d93", "size": 2396, "path": "media/images/Elbow Method_0_735a333d464c844977ad.png", "format": "png", "width": 640, "height": 480}, "_timestamp": 1702142797.7557323, "_runtime": 4.552901268005371, "_step": 4, "Inertia": 3890628.2206026176, "Combined Score": 0.18416724629866743, "Number of Clusters": 4, "Clustering Algorithm": "lloyd", "Silhouette Score": 0.673510460769587, "_wandb": {"runtime": 3}}