{"Elbow Method": {"_type": "image-file", "sha256": "c490ef72e7ee43e00cd474fece0331604391928e2b74affc3121d4fa9b89356f", "size": 2306, "path": "media/images/Elbow Method_0_c490ef72e7ee43e00cd4.png", "format": "png", "width": 640, "height": 480}, "_timestamp": 1702142540.2908502, "_runtime": 5.227251052856445, "_step": 4, "Inertia": 4283682.730842871, "Combined Score": 0.19039545202971966, "Number of Clusters": 4, "Clustering Algorithm": "lloyd", "Silhouette Score": 0.7723428431655496, "_wandb": {"runtime": 3}}