{"Elbow Method": {"_type": "image-file", "sha256": "ae2c20ad21c931ed0012951755709d33d80583812dbc138c16df5d5b555d78b7", "size": 33300, "path": "media/images/Elbow Method_0_ae2c20ad21c931ed0012.png", "format": "png", "width": 1200, "height": 800}, "_timestamp": 1702210379.4574285, "_runtime": 6.524233341217041, "_step": 2, "Inertia": 3523546.1635343404, "Combined Score": 0.19555728015670562, "_wandb": {"runtime": 4}}