{"Elbow Method": {"_type": "image-file", "sha256": "140cbd282a687350887ea2f24a73fbf0c5bd27f2449a41c730d3f07a0efe6c0f", "size": 28992, "path": "media/images/Elbow Method_0_140cbd282a687350887e.png", "format": "png", "width": 1200, "height": 800}, "_timestamp": 1702145899.0133598, "_runtime": 5.314821720123291, "_step": 4, "Inertia": 3386757.491964497, "Combined Score": 0.18661635502439378, "Number of Clusters": 5, "Clustering Algorithm": "lloyd", "Silhouette Score": 0.4632971890206463, "_wandb": {"runtime": 3}}