{"Elbow Method": {"_type": "image-file", "sha256": "421a8d5dd1b3e0ccf76db8d1b7d9c59a765835ca9f7e27e7a3d7012d519d355b", "size": 30095, "path": "media/images/Elbow Method_0_421a8d5dd1b3e0ccf76d.png", "format": "png", "width": 1200, "height": 800}, "_timestamp": 1702147890.635272, "_runtime": 5.42097806930542, "_step": 4, "Inertia": 3056370.6283828337, "Combined Score": 0.19873082280180268, "Number of Clusters": 3, "Clustering Algorithm": "lloyd", "Silhouette Score": 0.670841321471327, "_wandb": {"runtime": 3}}