{"Elbow Method": {"_type": "image-file", "sha256": "a529c2df2c19ed67646beabd7c1edd448d2df3059eb1dc5b8b472301d742d031", "size": 31770, "path": "media/images/Elbow Method_0_a529c2df2c19ed67646b.png", "format": "png", "width": 1200, "height": 800}, "_timestamp": 1702147870.105989, "_runtime": 5.535122871398926, "_step": 4, "Inertia": 3813240.755757002, "Combined Score": 0.1873260545111158, "Number of Clusters": 3, "Clustering Algorithm": "lloyd", "Silhouette Score": 0.7810412623251851, "_wandb": {"runtime": 4}}