{"Elbow Method": {"_type": "image-file", "sha256": "735a333d464c844977ad6c530691c08e46e9ab08950b96a273e2c11ceb557d93", "size": 2396, "path": "media/images/Elbow Method_0_735a333d464c844977ad.png", "format": "png", "width": 640, "height": 480}, "_timestamp": 1702144173.9073677, "_runtime": 5.157176733016968, "_step": 4, "Inertia": 3337049.8443493806, "Combined Score": 0.19410570202589447, "Number of Clusters": 6, "Clustering Algorithm": "lloyd", "Silhouette Score": 0.42963740409667434, "_wandb": {"runtime": 3}}