{"Elbow Method": {"_type": "image-file", "sha256": "ea1282f3033682f92eadc6cc864a7ac958fc070625fc8810990e2c4ce5df8812", "size": 30866, "path": "media/images/Elbow Method_0_ea1282f3033682f92ead.png", "format": "png", "width": 1200, "height": 800}, "_timestamp": 1702202988.763889, "_runtime": 5.537100076675415, "_step": 4, "Inertia": 3467025.515991004, "Combined Score": 0.19843086161391016, "Number of Clusters": 5, "Clustering Algorithm": "lloyd", "Silhouette Score": 0.4379352009843859}