{"Elbow Method": {"_type": "image-file", "sha256": "735a333d464c844977ad6c530691c08e46e9ab08950b96a273e2c11ceb557d93", "size": 2396, "path": "media/images/Elbow Method_0_735a333d464c844977ad.png", "format": "png", "width": 640, "height": 480}, "_timestamp": 1702143282.6428423, "_runtime": 5.079885244369507, "_step": 4, "Inertia": 4416853.312652372, "Combined Score": 0.19588603068987775, "Number of Clusters": 4, "Clustering Algorithm": "lloyd", "Silhouette Score": 0.7150601269754646, "_wandb": {"runtime": 3}}