{"Elbow Method": {"_type": "image-file", "sha256": "83e41192ba9a27fbab2dca50e7839385b699d5b447c78d7de06d6289084423fd", "size": 30037, "path": "media/images/Elbow Method_0_83e41192ba9a27fbab2d.png", "format": "png", "width": 1200, "height": 800}, "_timestamp": 1702149249.699536, "_runtime": 9.334259986877441, "_step": 4, "Inertia": 4406842.873468789, "Combined Score": 0.19760032545882372, "Number of Clusters": 3, "Clustering Algorithm": "lloyd", "Silhouette Score": 0.8466815225851032, "_wandb": {"runtime": 7}}