{"Elbow Method": {"_type": "image-file", "sha256": "c490ef72e7ee43e00cd474fece0331604391928e2b74affc3121d4fa9b89356f", "size": 2306, "path": "media/images/Elbow Method_0_c490ef72e7ee43e00cd4.png", "format": "png", "width": 640, "height": 480}, "_timestamp": 1702139057.9072745, "_runtime": 7.330186367034912, "_step": 4, "Inertia": 3654872.343958902, "Combined Score": 0.1946065108005729, "Number of Clusters": 3, "Clustering Algorithm": "lloyd", "Silhouette Score": 0.742030283785143, "_wandb": {"runtime": 5}}