{"Elbow Method": {"_type": "image-file", "sha256": "c490ef72e7ee43e00cd474fece0331604391928e2b74affc3121d4fa9b89356f", "size": 2306, "path": "media/images/Elbow Method_0_c490ef72e7ee43e00cd4.png", "format": "png", "width": 640, "height": 480}, "_timestamp": 1702141905.8261359, "_runtime": 4.40635085105896, "_step": 4, "Inertia": 3197172.48140157, "Combined Score": 0.19738180559334037, "Number of Clusters": 4, "Clustering Algorithm": "lloyd", "Silhouette Score": 0.6125381544877895, "_wandb": {"runtime": 2}}