{"Elbow Method": {"_type": "image-file", "sha256": "69106ff6de393694846da4b402a3c5a7bcb0a63afed072228fde02c8befe5fcf", "size": 31311, "path": "media/images/Elbow Method_0_69106ff6de393694846d.png", "format": "png", "width": 1200, "height": 800}, "_timestamp": 1702149282.735108, "_runtime": 15.51852798461914, "_step": 4, "Inertia": 3646927.5898841713, "Combined Score": 0.19113879638382347, "Number of Clusters": 4, "Clustering Algorithm": "lloyd", "Silhouette Score": 0.6330052133987311, "_wandb": {"runtime": 12}}