{"Elbow Method": {"_type": "image-file", "sha256": "a40cfc7ad9df8987c9ba914bd167da3f21bad72d8036b69640d5f6a0d90ccb84", "size": 29359, "path": "media/images/Elbow Method_0_a40cfc7ad9df8987c9ba.png", "format": "png", "width": 1200, "height": 800}, "_timestamp": 1702145729.4114034, "_runtime": 6.67407751083374, "_step": 4, "Inertia": 2923107.093884588, "Combined Score": 0.19377623536126623, "Number of Clusters": 3, "Clustering Algorithm": "lloyd", "Silhouette Score": 0.6367398562542441, "_wandb": {"runtime": 4}}