{"Elbow Method": {"_type": "image-file", "sha256": "cbe1b65df6f8e8095d44d7e2ceee5c911aee0d9aca0eaf0a5c3f5be779581576", "size": 30881, "path": "media/images/Elbow Method_0_cbe1b65df6f8e8095d44.png", "format": "png", "width": 1200, "height": 800}, "_timestamp": 1702148275.4556248, "_runtime": 13.085137844085693, "_step": 4, "Inertia": 3124071.5279814084, "Combined Score": 0.1996910391124992, "Number of Clusters": 4, "Clustering Algorithm": "lloyd", "Silhouette Score": 0.5717684452305418, "_wandb": {"runtime": 10}}