{"Elbow Method": {"_type": "image-file", "sha256": "735a333d464c844977ad6c530691c08e46e9ab08950b96a273e2c11ceb557d93", "size": 2396, "path": "media/images/Elbow Method_0_735a333d464c844977ad.png", "format": "png", "width": 640, "height": 480}, "_timestamp": 1702144005.8955305, "_runtime": 4.679123401641846, "_step": 4, "Inertia": 3334632.8942375076, "Combined Score": 0.1996408345337025, "Number of Clusters": 3, "Clustering Algorithm": "lloyd", "Silhouette Score": 0.7755353026003462, "_wandb": {"runtime": 2}}