{"Elbow Method": {"_type": "image-file", "sha256": "463b9cd04fd0b011363027159a7f03a3fd19e8362c61adf4a6548419c5d07a2b", "size": 32883, "path": "media/images/Elbow Method_0_463b9cd04fd0b0113630.png", "format": "png", "width": 1200, "height": 800}, "_timestamp": 1702148224.927297, "_runtime": 9.457234144210815, "_step": 4, "Inertia": 4319930.671118267, "Combined Score": 0.19584622298963913, "Number of Clusters": 3, "Clustering Algorithm": "lloyd", "Silhouette Score": 0.7967210094161097, "_wandb": {"runtime": 8}}