{"Elbow Method": {"_type": "image-file", "sha256": "0bf396cd273417ca42e06dbd0a4121ce939e675b2f93d51cc5015acced2f1462", "size": 32377, "path": "media/images/Elbow Method_0_0bf396cd273417ca42e0.png", "format": "png", "width": 1200, "height": 800}, "_timestamp": 1702147299.2336116, "_runtime": 5.177636623382568, "_step": 4, "Inertia": 3979837.4413566743, "Combined Score": 0.20093076053923398, "Number of Clusters": 4, "Clustering Algorithm": "lloyd", "Silhouette Score": 0.7656883571157457, "_wandb": {"runtime": 3}}