{"Elbow Method": {"_type": "image-file", "sha256": "df95a51d8b9c1d50cad3106ca9a734055ddd5ab099f328417371759c986838d1", "size": 29337, "path": "media/images/Elbow Method_0_df95a51d8b9c1d50cad3.png", "format": "png", "width": 1200, "height": 800}, "_timestamp": 1702148199.641068, "_runtime": 5.582644939422607, "_step": 4, "Inertia": 3210421.96072751, "Combined Score": 0.18885442779033015, "Number of Clusters": 3, "Clustering Algorithm": "lloyd", "Silhouette Score": 0.7330182561608005, "_wandb": {"runtime": 4}}