{"Elbow Method": {"_type": "image-file", "sha256": "b8c0899347a94e823b4415da5afd627efc3fad866d9e1e20d702c726bc243e25", "size": 32597, "path": "media/images/Elbow Method_0_b8c0899347a94e823b44.png", "format": "png", "width": 1200, "height": 800}, "_timestamp": 1702149326.9796453, "_runtime": 5.51067328453064, "_step": 4, "Inertia": 3701111.02481729, "Combined Score": 0.1931450032493573, "Number of Clusters": 4, "Clustering Algorithm": "lloyd", "Silhouette Score": 0.667768371829824, "_wandb": {"runtime": 3}}