{"Elbow Method": {"_type": "image-file", "sha256": "48839229d35ef46ad40d0504c5458a6b3e8d8c3fb0b8ff9886695cf28461579f", "size": 31342, "path": "media/images/Elbow Method_0_48839229d35ef46ad40d.png", "format": "png", "width": 1200, "height": 800}, "_timestamp": 1702147257.5489495, "_runtime": 5.709949493408203, "_step": 4, "Inertia": 4076305.30580063, "Combined Score": 0.2028376552977074, "Number of Clusters": 3, "Clustering Algorithm": "lloyd", "Silhouette Score": 0.8851823222170316, "_wandb": {"runtime": 3}}