{"Elbow Method": {"_type": "image-file", "sha256": "4f6ac4f282d4f89e9c2e82f35da88ed2079090a917cee98e368bbec2291b8ea5", "size": 32440, "path": "media/images/Elbow Method_0_4f6ac4f282d4f89e9c2e.png", "format": "png", "width": 1200, "height": 800}, "_timestamp": 1702146496.167396, "_runtime": 5.2104551792144775, "_step": 4, "Inertia": 3855932.2267094273, "Combined Score": 0.1953100862201547, "Number of Clusters": 4, "Clustering Algorithm": "lloyd", "Silhouette Score": 0.7246744243960984, "_wandb": {"runtime": 3}}