{"Elbow Method": {"_type": "image-file", "sha256": "6a0a6b1506901b5f489112b717cff1f755be8b7dfa9a9159266dedfa346ed7b0", "size": 31287, "path": "media/images/Elbow Method_0_6a0a6b1506901b5f4891.png", "format": "png", "width": 1200, "height": 800}, "_timestamp": 1702147319.8489099, "_runtime": 5.190807819366455, "_step": 4, "Inertia": 3728129.144709393, "Combined Score": 0.19765347394831498, "Number of Clusters": 4, "Clustering Algorithm": "lloyd", "Silhouette Score": 0.6215510720805852, "_wandb": {"runtime": 3}}