{"Elbow Method": {"_type": "image-file", "sha256": "c490ef72e7ee43e00cd474fece0331604391928e2b74affc3121d4fa9b89356f", "size": 2306, "path": "media/images/Elbow Method_0_c490ef72e7ee43e00cd4.png", "format": "png", "width": 640, "height": 480}, "_timestamp": 1702139124.2289581, "_runtime": 6.4735541343688965, "_step": 4, "Inertia": 3965197.434161961, "Combined Score": 0.1988967797597987, "Number of Clusters": 4, "Clustering Algorithm": "lloyd", "Silhouette Score": 0.7059307645991044, "_wandb": {"runtime": 5}}