{"Elbow Method": {"_type": "image-file", "sha256": "c490ef72e7ee43e00cd474fece0331604391928e2b74affc3121d4fa9b89356f", "size": 2306, "path": "media/images/Elbow Method_0_c490ef72e7ee43e00cd4.png", "format": "png", "width": 640, "height": 480}, "_timestamp": 1702139079.344625, "_runtime": 4.666013956069946, "_step": 4, "Inertia": 3396674.0098054744, "Combined Score": 0.20486581680350022, "Number of Clusters": 3, "Clustering Algorithm": "lloyd", "Silhouette Score": 0.6625733483764981, "_wandb": {"runtime": 3}}