{"Elbow Method": {"_type": "image-file", "sha256": "c490ef72e7ee43e00cd474fece0331604391928e2b74affc3121d4fa9b89356f", "size": 2306, "path": "media/images/Elbow Method_0_c490ef72e7ee43e00cd4.png", "format": "png", "width": 640, "height": 480}, "_timestamp": 1702141541.3241382, "_runtime": 5.384108066558838, "_step": 4, "Inertia": 4025478.424180448, "Combined Score": 0.19193279505291702, "Number of Clusters": 4, "Clustering Algorithm": "lloyd", "Silhouette Score": 0.5322636813181866, "_wandb": {"runtime": 3}}