{"Elbow Method": {"_type": "image-file", "sha256": "735a333d464c844977ad6c530691c08e46e9ab08950b96a273e2c11ceb557d93", "size": 2396, "path": "media/images/Elbow Method_0_735a333d464c844977ad.png", "format": "png", "width": 640, "height": 480}, "_timestamp": 1702143260.9546702, "_runtime": 4.6914591789245605, "_step": 4, "Inertia": 4192813.84994853, "Combined Score": 0.19873245555139207, "Number of Clusters": 4, "Clustering Algorithm": "lloyd", "Silhouette Score": 0.7730471159135056, "_wandb": {"runtime": 3}}