{"Elbow Method": {"_type": "image-file", "sha256": "c490ef72e7ee43e00cd474fece0331604391928e2b74affc3121d4fa9b89356f", "size": 2306, "path": "media/images/Elbow Method_0_c490ef72e7ee43e00cd4.png", "format": "png", "width": 640, "height": 480}, "_timestamp": 1702139144.7789397, "_runtime": 6.092495679855347, "_step": 4, "Inertia": 3959946.8358761594, "Combined Score": 0.1959981966502121, "Number of Clusters": 4, "Clustering Algorithm": "lloyd", "Silhouette Score": 0.6996184310822198, "_wandb": {"runtime": 4}}