{"Elbow Method": {"_type": "image-file", "sha256": "bef60ae5fd21db4e54a253baedecc89fa69f1a3566177927c87ae4f4fe3ae524", "size": 31091, "path": "media/images/Elbow Method_0_bef60ae5fd21db4e54a2.png", "format": "png", "width": 1200, "height": 800}, "_timestamp": 1702148351.1581192, "_runtime": 5.786805152893066, "_step": 4, "Inertia": 3147225.825367571, "Combined Score": 0.1948042487558071, "Number of Clusters": 5, "Clustering Algorithm": "lloyd", "Silhouette Score": 0.5279234738635485, "_wandb": {"runtime": 4}}