{"Elbow Method": {"_type": "image-file", "sha256": "55c4c237fe1b88207aecec3045e0ad8df7dd02ebe94180ad5e4672891790d829", "size": 29002, "path": "media/images/Elbow Method_0_55c4c237fe1b88207aec.png", "format": "png", "width": 1200, "height": 800}, "_timestamp": 1702147846.0680292, "_runtime": 6.02338719367981, "_step": 4, "Inertia": 3381638.9795472845, "Combined Score": 0.1892731583599195, "Number of Clusters": 3, "Clustering Algorithm": "lloyd", "Silhouette Score": 0.6939337166792457, "_wandb": {"runtime": 4}}