{"Elbow Method": {"_type": "image-file", "sha256": "cc58195970d24fdff44310f32316a06d302fea6966405c0ecf336727636a5821", "size": 30768, "path": "media/images/Elbow Method_0_cc58195970d24fdff443.png", "format": "png", "width": 1200, "height": 800}, "_timestamp": 1702145781.910414, "_runtime": 12.482151985168457, "_step": 4, "Inertia": 3581152.0904186564, "Combined Score": 0.19581100356128647, "Number of Clusters": 3, "Clustering Algorithm": "lloyd", "Silhouette Score": 0.6803767716582054, "_wandb": {"runtime": 10}}