{"Elbow Method": {"_type": "image-file", "sha256": "735a333d464c844977ad6c530691c08e46e9ab08950b96a273e2c11ceb557d93", "size": 2396, "path": "media/images/Elbow Method_0_735a333d464c844977ad.png", "format": "png", "width": 640, "height": 480}, "_timestamp": 1702144132.5746126, "_runtime": 4.885416507720947, "_step": 4, "Inertia": 3848004.728811387, "Combined Score": 0.1908573659641486, "Number of Clusters": 5, "Clustering Algorithm": "lloyd", "Silhouette Score": 0.609701112834818, "_wandb": {"runtime": 3}}