{"Elbow Method": {"_type": "image-file", "sha256": "3b9fe2ba4597c0f005dc54425a1ff6aafc62fe3e934fd7d92d22d66ced4f609e", "size": 32408, "path": "media/images/Elbow Method_0_3b9fe2ba4597c0f005dc.png", "format": "png", "width": 1200, "height": 800}, "_timestamp": 1702147278.4327898, "_runtime": 6.103298902511597, "_step": 4, "Inertia": 4413386.1629936965, "Combined Score": 0.1942207130230717, "Number of Clusters": 3, "Clustering Algorithm": "lloyd", "Silhouette Score": 0.7968011621874703, "_wandb": {"runtime": 4}}