{"Elbow Method": {"_type": "image-file", "sha256": "88a50525b295a91144959f6c8084be6e9e53875603fe515f24097fe58a781e50", "size": 32397, "path": "media/images/Elbow Method_0_88a50525b295a9114495.png", "format": "png", "width": 1200, "height": 800}, "_timestamp": 1702147911.741398, "_runtime": 5.893916130065918, "_step": 4, "Inertia": 4242393.495928759, "Combined Score": 0.19471945813385338, "Number of Clusters": 4, "Clustering Algorithm": "lloyd", "Silhouette Score": 0.6334724656088554, "_wandb": {"runtime": 4}}