{"Elbow Method": {"_type": "image-file", "sha256": "937024f668749cc4d3f4d9d7a9e6bcecf598bdbd06e3240a9fc9b2653d56006c", "size": 28757, "path": "media/images/Elbow Method_0_937024f668749cc4d3f4.png", "format": "png", "width": 1200, "height": 800}, "_timestamp": 1702148026.8592937, "_runtime": 5.173495769500732, "_step": 4, "Inertia": 3337049.8443493806, "Combined Score": 0.19410570202589447, "Number of Clusters": 5, "Clustering Algorithm": "lloyd", "Silhouette Score": 0.4379794526761487, "_wandb": {"runtime": 3}}