{"Elbow Method": {"_type": "image-file", "sha256": "735a333d464c844977ad6c530691c08e46e9ab08950b96a273e2c11ceb557d93", "size": 2396, "path": "media/images/Elbow Method_0_735a333d464c844977ad.png", "format": "png", "width": 640, "height": 480}, "_timestamp": 1702144068.889722, "_runtime": 4.7891809940338135, "_step": 4, "Inertia": 4692815.265525499, "Combined Score": 0.19276384476636102, "Number of Clusters": 4, "Clustering Algorithm": "lloyd", "Silhouette Score": 0.7055887838017624, "_wandb": {"runtime": 3}}