{"Elbow Method": {"_type": "image-file", "sha256": "c490ef72e7ee43e00cd474fece0331604391928e2b74affc3121d4fa9b89356f", "size": 2306, "path": "media/images/Elbow Method_0_c490ef72e7ee43e00cd4.png", "format": "png", "width": 640, "height": 480}, "_timestamp": 1702141521.8663242, "_runtime": 4.480090141296387, "_step": 4, "Inertia": 4279698.9039072115, "Combined Score": 0.19006144954824708, "Number of Clusters": 3, "Clustering Algorithm": "lloyd", "Silhouette Score": 0.7394273592395355, "_wandb": {"runtime": 3}}