{"Elbow Method": {"_type": "image-file", "sha256": "b0ceddad3001d955de9852a8a361ee9cd4c30d1d471259c53774f740cfb1d188", "size": 33187, "path": "media/images/Elbow Method_0_b0ceddad3001d955de98.png", "format": "png", "width": 1200, "height": 800}, "_timestamp": 1702210337.5710576, "_runtime": 6.4210364818573, "_step": 2, "Inertia": 4076305.30580063, "Combined Score": 0.2028376552977074, "_wandb": {"runtime": 4}}