{"Elbow Method": {"_type": "image-file", "sha256": "1297edc62ca5c166fdc98c3a5352abff279ba3c1d02229050ae04314c970b9e6", "size": 33306, "path": "media/images/Elbow Method_0_1297edc62ca5c166fdc9.png", "format": "png", "width": 1200, "height": 800}, "_timestamp": 1702148048.0410516, "_runtime": 5.753408670425415, "_step": 4, "Inertia": 4145673.8999121655, "Combined Score": 0.19134313640453562, "Number of Clusters": 6, "Clustering Algorithm": "lloyd", "Silhouette Score": 0.5474704487250416, "_wandb": {"runtime": 4}}