{"Elbow Method": {"_type": "image-file", "sha256": "c490ef72e7ee43e00cd474fece0331604391928e2b74affc3121d4fa9b89356f", "size": 2306, "path": "media/images/Elbow Method_0_c490ef72e7ee43e00cd4.png", "format": "png", "width": 640, "height": 480}, "_timestamp": 1702142581.632153, "_runtime": 5.160680055618286, "_step": 4, "Inertia": 4160998.707900522, "Combined Score": 0.19331449855170946, "Number of Clusters": 4, "Clustering Algorithm": "lloyd", "Silhouette Score": 0.7384066716125849, "_wandb": {"runtime": 3}}